시간,시장,코드,업종,분류,종목,등급,뉴스,AI분석,메모,즐겨찾기,상승모멘텀점수,뉴스신뢰도점수,단기과열도점수,종합점수,상승이유,리스크
2026-05-12 01:09:43,국내,064350,방산/철도,방산주,현대로템,🟡 관망,"1. 현대로템, 최후의 깃발을 꽂는 건 지상군 [베스트 애널리스트 추천 종목] - v.daum.net / https://news.google.com/rss/articles/CBMiT0FVX3lxTE84TXpZY2szY3lWV3J0YVBKOEJBMEVBeTJUQTNIUkNJX0lvNElUVVJjOXVyZFc4RnBKZnJuSUtQNVQ2bEh3bFlZcUxoeFl2U00?oc=5
2. ‘폴란드 잭팟’ 그 후… 현대로템 K2 전차, ‘피크아웃’ 우려 넘을 수 있나 - 녹색경제신문 / https://news.google.com/rss/articles/CBMiaEFVX3lxTE52a3ZHWndsNWlZdWU2bVBHZ0hCenNqWHZ4WjFZQVJkaUFhc3pQeDRsWmNHNWhkOFJvRnhwcmstbGxhbEFJUzdqQ0NIWUNjRlpsX1REZ3ZpT1QydG1CQXFHMklpb2xqd1pE?oc=5
3. 현대로템, 한국항공대와 우주산업 기술 협력 - 디일렉 / https://news.google.com/rss/articles/CBMiZkFVX3lxTFBwSmsyNW1NMUl6Y2NIcFVJR3RtQXNBdm43aEVRUXljd0hTSlU3Y2JFNm93TWxsYXM5S05YeXZ4aExlb0o0VUtpdW1mRm1Ob3laWjFfWjBnc0k0STVkVlNuNllrU1huUQ?oc=5","[투자등급]  
관심

[AI 점수]  
- 상승 모멘텀 점수: 75  
- 뉴스 신뢰도 점수: 70  
- 단기 과열도 점수: 40

[상승 이유]  
- 폴란드 K2 전차 수주 관련 해외 수출 모멘텀이 여전히 존재하며, 한국항공대와 우주산업 기술 협력으로 신성장 동력 확보 기대감이 부각됨.

[리스크]  
- K2 전차의 해외 수요 피크아웃 우려와 방산 사업 특성상 정부 정책 및 예산 변동, 글로벌 방산 시장 경쟁 심화 가능성.

[분석 요약]  
- 현대로템은 폴란드 수출 등 기존 방산 수주의 지속성과 우주산업 협력을 통한 기술 확대가 긍정적이다. 다만 전차 수출 피크아웃 우려와 방산 예산 변동성 등 단기 리스크도 존재하므로, 중장기 관점에서 성장 잠재력을 주목하는 정도로 접근하는 것이 바람직하다.",,False,75,70,40,50,"[상승 이유] / 폴란드 K2 전차 수주 관련 해외 수출 모멘텀이 여전히 존재하며, 한국항공대와 우주산업 기술 협력으로 신성장 동력 확보 기대감이 부각됨.","[리스크] / K2 전차의 해외 수요 피크아웃 우려와 방산 사업 특성상 정부 정책 및 예산 변동, 글로벌 방산 시장 경쟁 심화 가능성."
2026-05-12 01:09:38,국내,042660,조선,수주/방산,한화오션,🟡 관망,"1. ‘조선’ 넘어 ‘글로벌 해양 패권’이 거제 앞바다로 [한화오션 출범 3주년] - v.daum.net / https://news.google.com/rss/articles/CBMiT0FVX3lxTE02cS1kQXBseDc1SHF4UXF5Mmkzd3Y3ajhraWNVUG8wdmphdF81UlVubkpmUnVvODlLaFBOX0dhVU9vS2RKVVh3UkwyVlNVdUE?oc=5
2. 한화오션, Zodiac Maritime으로부터 VLAC 3+2척 수주 - 쉬핑뉴스넷 / https://news.google.com/rss/articles/CBMic0FVX3lxTE0yUnR2WlVnbVRXamJHUG40YzVidFljS0FQZVVHUnRkVnVVRlVWeHhKVFdNaW5JRmNiRVVBa1dpazNrQ2YwNC1oOTVXeEc1YmhOMHJ0MGxfeWlCQ3dFVmRKMm41a1ZBRlVmcno5XzVhakc5UUU?oc=5
3. 한화오션, LNG 운반선 1척 수주… 3632억원 규모 - 브릿지경제 / https://news.google.com/rss/articles/CBMiWkFVX3lxTE5lSXJsdkw0NzN0MDBIY3JoR1JycEZFT0JFdTB1NC0yOGZsYVk0VUQ0eGFXSXhuUXpqNUFmY3JaWnJFZzRpMWJQSC1VWXpMWVQxbjhKekoyc1BGUQ?oc=5","[투자등급]  
관심

[AI 점수]  
- 상승 모멘텀 점수: 85  
- 뉴스 신뢰도 점수: 80  
- 단기 과열도 점수: 30

[상승 이유]  
- 대형 VLAC(초대형원유운반선) 및 LNG 운반선 수주로 수주 잔고 증가와 안정적인 매출 기반 마련.  
- 한화오션 출범 3주년을 맞아 글로벌 해양 패권 도전에 따른 성장 기대감 부각.

[리스크]  
- 조선 업황의 경기 변동성 및 글로벌 물류·에너지 수급 변화에 따른 수주 불확실성 존재.  
- 원자재 가격 변동 및 환율 변동성에 따른 수익성 압박 가능성.

[분석 요약]  
- 한화오션이 VLAC 및 LNG 운반선 등 고부가가치 선박 수주에 성공하며 수주 잔고 확대와 사업 안정성을 강화하고 있음. 글로벌 해양 패권 도전이라는 중장기 성장 전략도 투자 심리를 뒷받침.  
- 다만, 조선 업황 특성상 단기 수주 변동 및 원자재 가격 등 외부 변수에 따른 리스크가 존재하므로, 중장기 관점에서 산업 동향과 수주 성과를 점검하며 투자 판단할 필요.",,False,85,80,30,60,[상승 이유] / 대형 VLAC(초대형원유운반선) 및 LNG 운반선 수주로 수주 잔고 증가와 안정적인 매출 기반 마련. / 한화오션 출범 3주년을 맞아 글로벌 해양 패권 도전에 따른 성장 기대감 부각.,[리스크] / 조선 업황의 경기 변동성 및 글로벌 물류·에너지 수급 변화에 따른 수주 불확실성 존재. / 원자재 가격 변동 및 환율 변동성에 따른 수익성 압박 가능성.
2026-05-12 01:09:29,국내,005930,반도체,대형주,삼성전자,🟡 관망,"1. 삼성 반도체 신사업, 투자시계 다시 돈다 - 전자신문 / https://news.google.com/rss/articles/CBMiTkFVX3lxTE1JWFl5b1lrMWVOaTg2TC1QNktlMkxnY0k4WlR4RDgxUGpXNkdiZTdWUDVyV3Z6NmFOY2xtMkNBR3B1d3JubVp6WWNXTU5tUQ?oc=5
2. 삼성전자 '불기둥' 내뿜자…이재용 회장 주식재산 50조 돌파 - v.daum.net / https://news.google.com/rss/articles/CBMiT0FVX3lxTE5hbEtRUEpnTHhENGpISkVXWlFQSWtDQmh2YkdEYVowRlNPaWRGVUZMX3NDSHZPNE5ybkFSQ1RqV01vYkV5OFNwNEFpemwyUUk?oc=5
3. 애널리스트 빗나간 삼성전자 실적, 폴리마켓은 맞혔다 - 중앙일보 / https://news.google.com/rss/articles/CBMiVkFVX3lxTFBZR05ZVGdNWGdxU2duR1JxQzhnZ3RHRS1VeXhCM1V0ZDhhUzNWbDNTM3VMQ0tQZTdvMXRaS1JadDlUclhjb1h4REVfME52QWRSOG9TZ05n?oc=5","[투자등급]  
관망

[AI 점수]  
- 상승 모멘텀 점수: 75  
- 뉴스 신뢰도 점수: 80  
- 단기 과열도 점수: 60

[상승 이유]  
삼성전자의 반도체 신사업 재가동 신호와 이재용 회장의 주식재산 가치 50조 원 돌파가 긍정적 모멘텀으로 작용하고 있음.

[리스크]  
일부 애널리스트들의 실적 전망이 빗나가면서 변동성이 존재하며, 단기적으로 과열 신호도 관찰되어 주의가 필요함.

[분석 요약]  
- 핵심 이슈: 삼성전자가 반도체 신사업에 대한 투자 재개를 알리며 성장 동력을 확보하는 한편, 대주주의 주식재산 가치 상승이 시장 신뢰도를 높이고 있음. 다만, 실적 전망의 불확실성과 단기 과열 우려가 병존.  
- 투자 참고 의견: 중장기적인 성장 가능성이 있으나, 단기 변동성 확대 가능성을 감안해 시장 상황과 기업 실적 발표를 면밀히 관찰하는 전략이 권장됨.",,False,75,80,60,49,[상승 이유],[리스크]
2026-05-12 00:44:42,미분류,확인필요,미분류,직접입력,HMM,🟡 관망,"1. HMM 주주라면 필독! 3분기 실적 81% 급감, 지금 팔아야 할까요? - 서울경제 / https://news.google.com/rss/articles/CBMiRkFVX3lxTE5Bc0gxYlRKcUVYazVOX1YwQ0pQNnNUOXczWmtJZ1l5alVGNlhzNVpiR0N3X3h6UnlTY2hjenpXeHVjX3UyU2c?oc=5
2. HMM 투자분석 2026. 05. 10 - 주달 / https://news.google.com/rss/articles/CBMic0FVX3lxTFBmVUk3MGtyWk9UVGRETncwckZlTUE1a0xiZFJ4SkY0elJPWFJ0RjE4NFlNUmZhbThNa2c4RzVaOHBIallvcGtVd3RucFl6clY5cGJHeGljX2d1X25FbDFLaWJhQ0hwYlNWUFV3ZHM5R1A1VWM?oc=5
3. HMM, 부산행 '확실시'…실적 회복은 '불확실' - v.daum.net / https://news.google.com/rss/articles/CBMiT0FVX3lxTE5iS0ZRTmZxaEQ5VWFLSG5Tam1keWxwUDhMUHdLMUJvckstcTdTTVNLQU5rek1waHp5QktwN2I5OU52YjU5aFNJLWdqODRZb0E?oc=5","[투자등급]  
관망

[AI 점수]  
- 상승 모멘텀 점수: 3/10  
- 뉴스 신뢰도 점수: 7/10  
- 단기 과열도 점수: 2/10

[분석 요약]  
- 상승 이유:  
  HMM가 부산항을 중심으로 하는 운송 경로 확보 가능성이 일부 보고되며 중장기 회복 기대감은 존재합니다.  

- 핵심 이슈:  
  최근 3분기 실적이 전년 대비 약 81% 급감한 점이 확인되었고, 실적 회복 여부가 불확실한 상태입니다. 투자자들이 실적 부진을 우려하면서 주가 변동성이 커질 가능성이 큽니다.  

- 리스크:  
  글로벌 해운 업황의 불확실성과 더딘 실적 회복, 추가적인 비용 부담 가능성, 그리고 관련 뉴스에서 제기된 실적 부진이 지속될 위험이 있습니다.  

- 투자 참고 의견:  
  단기적 실적 부진과 불확실성이 뚜렷한 상황에서는 추가 정보 및 실적 개선 신호 확인 후 중장기 관점에서 접근하는 것이 바람직합니다. 현재는 급격한 매매보다는 시장 동향과 추가 뉴스 변화를 주시하며 신중한 판단이 요구됩니다.",,False,0,0,0,0,,
